helena42,alice43,1
helena42,gustavo16,1
helena42,ana_clara30,1
helena42,mariana5,1
helena42,caua11,1
helena42,ana_julia22,2
helena42,heloisa37,1
helena42,melissa42,1
helena42,davi48,1
helena42,sophia31,1
helena42,calebe49,1
helena42,lavinia36,1
helena42,nicolas4,1
helena42,rafael38,1
helena42,matheus6,1
helena42,pietro33,2
alice43,felipe49,1
alice43,benicio10,1
laura29,clara1,1
laura29,eloa17,1
laura29,joao43,1
laura29,esther32,1
laura29,isadora45,1
laura29,heitor5,1
laura29,matheus6,1
laura29,enzo23,1
laura29,vitor38,1
laura29,enzo_gabriel23,1
laura29,joaquim33,1
laura29,catarina14,2
laura29,alice43,1
laura29,marina41,1
laura29,mariana5,2
laura29,calebe49,1
laura29,daniel12,1
laura29,pietro33,1
laura29,maria_cecilia32,1
laura29,joao_lucas7,1
laura29,lavinia36,1
laura29,joao_miguel1,1
laura29,elisa20,1
manuela19,leonardo7,1
manuela19,miguel1,1
manuela19,laura29,1
manuela19,ana_julia22,1
manuela19,joao_lucas7,1
manuela19,heitor5,1
manuela19,caua11,1
manuela19,samuel45,2
valentina26,lucas26,1
valentina26,enzo_gabriel23,1
valentina26,maria_luiza31,1
valentina26,caua11,1
valentina26,murilo40,1
valentina26,murilo40,1
valentina26,alice43,2
valentina26,pietro33,1
valentina26,mariana5,1
valentina26,isaac36,1
sophia31,bryan4,1
sophia31,vinicius15,1
sophia31,lucas26,1
sophia31,pedro_henrique21,1
sophia31,giovanna11,1
sophia31,arthur46,1
sophia31,matheus6,1
sophia31,joao43,2
sophia31,yasmin46,1
sophia31,agatha15,1
sophia31,rafaela18,1
sophia31,joao_pedro46,1
sophia31,clara1,1
sophia31,lara13,1
sophia31,ana_laura18,2
sophia31,calebe49,1
sophia31,henrique12,1
sophia31,alicia38,1
sophia31,felipe49,1
sophia31,benjamin39,1
sophia31,alice43,1
isabella28,nicolas4,2
isabella28,bryan4,1
isabella28,giovanna11,1
isabella28,lucas26,1
isabella28,pedro43,2
isabella28,helena42,1
isabella28,elisa20,1
isabella28,mariana5,1
isabella28,enzo_gabriel23,1
isabella28,murilo40,1
isabella28,murilo40,1
isabella28,leonardo7,1
isabella28,livia3,1
isabella28,vitor38,1
isabella28,maria_helena6,1
isabella28,miguel1,1
heloisa37,emanuel11,1
heloisa37,davi48,1
heloisa37,ana_julia22,1
heloisa37,isabella28,1
heloisa37,joao43,1
heloisa37,melissa42,1
heloisa37,alicia38,1
heloisa37,bernardo25,1
heloisa37,gael9,2
heloisa37,henrique12,1
heloisa37,alice43,1
heloisa37,ana_clara30,2
heloisa37,lucca49,1
heloisa37,enrico36,1
heloisa37,maria_luiza31,1
heloisa37,vicente5,1
heloisa37,lavinia36,1
heloisa37,lara13,1
heloisa37,gabriela31,1
heloisa37,eloa17,1
heloisa37,rafaela18,1
heloisa37,anthony24,1
luiza48,maria_julia40,1
luiza48,arthur46,1
luiza48,yasmin46,2
luiza48,lucas26,1
luiza48,helena42,1
luiza48,melissa42,1
luiza48,pedro43,1
luiza48,esther32,1
luiza48,isadora45,1
luiza48,anthony24,2
luiza48,anthony24,2
luiza48,caua11,1
luiza48,cecilia47,1
luiza48,benicio10,2
luiza48,gustavo16,1
julia16,rafaela18,1
julia16,gustavo16,1
julia16,emanuelly38,1
julia16,gael9,1
julia16,clara1,1
julia16,ana_laura18,1
julia16,guilherme20,1
julia16,caio1,1
julia16,pedro_henrique21,1
julia16,rafael38,1
julia16,emanuel11,1
julia16,esther32,1
julia16,maria_eduarda46,1
julia16,joao_lucas7,1
julia16,yasmin46,1
julia16,bryan4,2
julia16,benicio10,2
julia16,ana_clara30,1
julia16,henrique12,1
julia16,davi_lucca13,1
julia16,helena42,1
julia16,davi48,1
julia16,ana_luiza14,2
julia16,eloa17,1
julia16,valentina26,1
julia16,joaquim33,1
julia16,gabriel37,1
julia16,lorenzo14,1
julia16,laura29,1
julia16,laura29,1
lorena21,lucas26,1
lorena21,rebeca44,1
lorena21,agatha15,1
lorena21,miguel1,1
lorena21,isadora45,1
lorena21,maria_cecilia32,1
lorena21,heloisa37,1
lorena21,isabella28,1
lorena21,rafaela18,1
lorena21,helena42,1
lorena21,julia16,1
lorena21,noah27,1
lorena21,vinicius15,1
lorena21,alice43,1
lorena21,henrique12,1
lorena21,heitor5,1
lorena21,isis3,1
lorena21,felipe49,1
lorena21,gabriel37,1
lorena21,gael9,1
lorena21,enzo23,1
lorena21,melissa42,1
lorena21,antonio28,1
lorena21,maria_julia40,1
lorena21,vicente5,1
lorena21,pedro_henrique21,1
lorena21,laura29,1
lorena21,liz46,1
lorena21,nicolas4,1
livia3,joao_lucas7,1
livia3,benjamin39,1
livia3,manuela19,1
livia3,liz46,1
livia3,theo26,1
livia3,lucas26,1
livia3,maria_eduarda46,1
livia3,enrico36,1
livia3,maria_luiza31,1
livia3,bento45,1
livia3,helena42,2
livia3,ana_laura18,2
livia3,sophia31,1
livia3,emanuel11,1
livia3,heloisa37,1
livia3,vinicius15,1
livia3,ana_luiza14,1
livia3,heitor5,1
livia3,isadora45,1
livia3,lara13,1
livia3,henrique12,1
livia3,yasmin46,1
livia3,maria_clara50,1
livia3,daniel12,1
maria_luiza31,agatha15,1
maria_luiza31,lorena21,1
maria_luiza31,antonella28,1
maria_luiza31,heitor5,1
maria_luiza31,gabriela31,1
maria_luiza31,laura29,2
maria_luiza31,ana_clara30,1
maria_luiza31,maria_helena6,1
maria_luiza31,pietro33,1
maria_luiza31,joao43,1
maria_luiza31,helena42,1
maria_luiza31,maria_julia40,1
maria_luiza31,maria_alice19,1
maria_luiza31,maria_clara50,1
maria_luiza31,manuela19,1
maria_luiza31,ana_luiza14,1
maria_luiza31,eduardo41,1
maria_luiza31,samuel45,1
maria_luiza31,lara13,1
cecilia47,gabriel37,1
cecilia47,matheus6,1
cecilia47,caio1,1
cecilia47,lorena21,1
cecilia47,joao_lucas7,1
cecilia47,sophia31,1
eloa17,sophia31,1
eloa17,mariana5,1
eloa17,lorena21,1
eloa17,eduardo41,1
eloa17,bento45,1
eloa17,catarina14,1
eloa17,maria_helena6,1
eloa17,rafaela18,2
giovanna11,isis3,1
giovanna11,daniel12,1
giovanna11,caua11,1
giovanna11,heloisa37,2
giovanna11,liz46,1
giovanna11,manuela19,1
giovanna11,enzo23,1
giovanna11,luiza48,1
giovanna11,ana_laura18,1
giovanna11,caio1,1
giovanna11,maite27,1
giovanna11,ana_julia22,2
giovanna11,lorena21,1
giovanna11,henrique12,1
giovanna11,alicia38,1
giovanna11,pedro_henrique21,1
giovanna11,valentina26,2
giovanna11,gabriel37,1
giovanna11,lucas26,1
giovanna11,yasmin46,1
giovanna11,joaquim33,1
giovanna11,isaac36,2
giovanna11,esther32,1
maria_clara50,isis3,1
maria_clara50,alicia38,1
maria_clara50,noah27,1
maria_clara50,enrico36,1
maria_clara50,emanuelly38,1
maria_clara50,lorenzo14,1
maria_clara50,vinicius15,1
maria_clara50,catarina14,1
maria_clara50,bryan4,1
maria_clara50,yasmin46,1
maria_clara50,felipe49,1
maria_clara50,ana_luiza14,1
maria_eduarda46,gabriela31,1
maria_eduarda46,mariana5,1
maria_eduarda46,giovanna11,1
maria_eduarda46,benjamin39,1
maria_eduarda46,lorena21,2
maria_eduarda46,samuel45,1
maria_eduarda46,ana_julia22,1
maria_eduarda46,caio1,1
maria_eduarda46,vitor38,1
maria_eduarda46,lara13,1
maria_eduarda46,isabella28,1
maria_eduarda46,pedro_henrique21,1
maria_eduarda46,lavinia36,1
maria_eduarda46,beatriz7,1
maria_eduarda46,julia16,1
maria_eduarda46,nicolas4,1
maria_eduarda46,vicente5,1
maria_eduarda46,miguel1,1
maria_eduarda46,maria_cecilia32,1
maria_eduarda46,leonardo7,1
maria_eduarda46,antonella28,1
maria_eduarda46,gustavo16,2
mariana5,agatha15,2
mariana5,joao43,1
mariana5,samuel45,1
mariana5,bento45,1
mariana5,lara13,1
mariana5,gabriela31,2
mariana5,luiza48,1
mariana5,joaquim33,1
mariana5,miguel1,1
mariana5,noah27,1
mariana5,livia3,1
mariana5,henrique12,1
mariana5,lorena21,1
mariana5,bryan4,1
mariana5,anthony24,1
mariana5,isis3,1
mariana5,maite27,1
mariana5,heloisa37,1
mariana5,emanuelly38,1
mariana5,cecilia47,1
mariana5,davi_lucca13,1
mariana5,eloa17,2
lara13,vitor38,1
lara13,rafael38,1
lara13,bryan4,1
lara13,liz46,1
lara13,catarina14,1
lara13,davi_lucca13,1
lara13,lucca49,1
lara13,clara1,1
lara13,theo26,1
lara13,isadora45,1
lara13,ana_laura18,1
lara13,maria_clara50,1
lara13,esther32,1
lara13,vicente5,1
lara13,mariana5,1
lara13,pedro43,2
lara13,marina41,1
lara13,rebeca44,2
lara13,joao43,2
lara13,joaquim33,1
lara13,emanuelly38,1
beatriz7,rafaela18,1
beatriz7,lorena21,1
beatriz7,gabriela31,1
beatriz7,caio1,1
beatriz7,cecilia47,1
beatriz7,maria_eduarda46,1
beatriz7,pedro_henrique21,1
beatriz7,anthony24,1
beatriz7,emanuelly38,1
beatriz7,miguel1,1
beatriz7,caua11,2
beatriz7,vinicius15,1
beatriz7,guilherme20,1
beatriz7,daniel12,1
antonella28,eloa17,1
antonella28,elisa20,1
antonella28,joao_miguel1,2
antonella28,luiza48,1
antonella28,maria_clara50,2
antonella28,isaac36,2
antonella28,enzo23,1
antonella28,murilo40,1
antonella28,henrique12,1
antonella28,joaquim33,1
antonella28,maria_helena6,1
antonella28,maria_julia40,1
antonella28,davi48,1
antonella28,mariana5,1
antonella28,helena42,1
antonella28,lavinia36,1
antonella28,rafael38,1
antonella28,ana_luiza14,2
antonella28,emanuelly38,1
antonella28,gabriel37,1
antonella28,theo26,2
antonella28,isadora45,1
antonella28,isadora45,1
antonella28,clara1,1
maria_julia40,miguel1,1
maria_julia40,maria_alice19,1
maria_julia40,gustavo16,1
maria_julia40,julia16,1
emanuelly38,emanuel11,2
emanuelly38,maria_luiza31,1
emanuelly38,lucca49,1
emanuelly38,maria_eduarda46,1
emanuelly38,calebe49,1
emanuelly38,yasmin46,1
emanuelly38,ana_luiza14,1
emanuelly38,caua11,1
emanuelly38,gabriela31,1
emanuelly38,gael9,2
emanuelly38,maria_helena6,2
emanuelly38,ana_clara30,1
isadora45,theo26,1
isadora45,maria_eduarda46,1
isadora45,lorena21,1
isadora45,emanuelly38,1
isadora45,heitor5,1
isadora45,enzo_gabriel23,1
isadora45,joaquim33,2
isadora45,noah27,1
isadora45,nicolas4,1
isadora45,benicio10,1
isadora45,benjamin39,1
isadora45,joao43,1
isadora45,isaac36,1
isadora45,giovanna11,1
isadora45,isabelly20,2
isadora45,laura29,1
isadora45,vitor38,1
isadora45,enrico36,1
isadora45,livia3,1
isadora45,luiza48,1
isadora45,beatriz7,1
ana_clara30,alicia38,1
ana_clara30,ana_luiza14,1
ana_clara30,benjamin39,2
ana_clara30,caua11,1
ana_clara30,arthur46,1
ana_clara30,murilo40,1
ana_clara30,emanuel11,1
ana_clara30,gael9,1
ana_clara30,beatriz7,1
ana_clara30,vicente5,2
ana_clara30,catarina14,1
ana_clara30,lara13,1
ana_clara30,joao_pedro46,1
ana_clara30,nicolas4,1
ana_clara30,maria_clara50,1
ana_clara30,theo26,1
ana_clara30,esther32,1
ana_clara30,isadora45,1
ana_clara30,maite27,1
ana_clara30,isis3,2
ana_clara30,mariana5,1
ana_clara30,eloa17,1
ana_clara30,sophia31,1
ana_clara30,davi_lucca13,1
ana_clara30,rebeca44,1
ana_clara30,joaquim33,1
melissa42,miguel1,1
melissa42,guilherme20,1
melissa42,enzo_gabriel23,1
melissa42,helena42,2
melissa42,gabriel37,1
melissa42,maria_clara50,1
melissa42,ana_luiza14,1
melissa42,mariana5,1
melissa42,felipe49,1
melissa42,maria_alice19,1
melissa42,clara1,1
melissa42,davi_lucca13,1
melissa42,rafaela18,1
melissa42,caio1,1
melissa42,maria_eduarda46,1
melissa42,samuel45,1
melissa42,maria_helena6,1
melissa42,isaac36,1
melissa42,antonella28,1
melissa42,cecilia47,1
melissa42,ana_clara30,1
melissa42,murilo40,1
melissa42,esther32,1
melissa42,julia16,1
melissa42,joao_pedro46,1
melissa42,enrico36,1
melissa42,beatriz7,1
ana_luiza14,joao_lucas7,1
ana_luiza14,manuela19,2
ana_luiza14,sophia31,1
ana_luiza14,heitor5,1
ana_luiza14,cecilia47,1
ana_luiza14,yasmin46,1
ana_luiza14,vinicius15,1
ana_luiza14,gabriel37,1
ana_julia22,esther32,1
ana_julia22,catarina14,1
ana_julia22,elisa20,1
ana_julia22,giovanna11,1
ana_julia22,emanuelly38,1
ana_julia22,helena42,1
ana_julia22,bernardo25,1
ana_julia22,manuela19,1
ana_julia22,calebe49,1
ana_julia22,melissa42,2
ana_julia22,ana_clara30,2
ana_julia22,murilo40,1
ana_julia22,laura29,1
ana_julia22,eduardo41,1
ana_julia22,joao_miguel1,1
ana_julia22,noah27,1
ana_julia22,maria_luiza31,1
esther32,alice43,1
esther32,mariana5,1
esther32,matheus6,1
esther32,valentina26,1
esther32,maria_alice19,1
esther32,maria_eduarda46,1
esther32,theo26,1
esther32,vicente5,1
esther32,isabella28,1
esther32,calebe49,1
esther32,isadora45,1
esther32,henrique12,1
esther32,laura29,1
esther32,leonardo7,2
lavinia36,caio1,1
lavinia36,lucca49,1
lavinia36,helena42,1
lavinia36,vitor38,1
lavinia36,maria_luiza31,1
lavinia36,yasmin46,1
lavinia36,beatriz7,1
lavinia36,alicia38,1
lavinia36,guilherme20,1
maite27,ana_luiza14,1
maite27,maria_julia40,1
maite27,gabriel37,1
maite27,enrico36,1
maite27,maria_eduarda46,1
maite27,henrique12,1
maite27,benjamin39,1
maite27,maria_helena6,1
maite27,miguel1,2
maite27,maria_clara50,1
maite27,luiza48,1
maite27,felipe49,1
maite27,alicia38,1
maite27,esther32,1
maite27,rafael38,1
maite27,ana_laura18,1
maite27,manuela19,1
maite27,joao_miguel1,1
maite27,julia16,1
maria_cecilia32,yasmin46,1
maria_cecilia32,samuel45,1
maria_cecilia32,joao_pedro46,1
maria_cecilia32,esther32,1
maria_cecilia32,isadora45,1
maria_cecilia32,caua11,1
maria_cecilia32,joao_miguel1,1
maria_cecilia32,felipe49,1
maria_cecilia32,nicolas4,1
maria_cecilia32,joao43,1
maria_cecilia32,sarah47,1
maria_cecilia32,vinicius15,1
maria_cecilia32,isabelly20,1
maria_cecilia32,maria_alice19,1
maria_cecilia32,joaquim33,1
maria_cecilia32,heitor5,1
maria_cecilia32,enrico36,1
maria_cecilia32,ana_laura18,1
maria_cecilia32,sophia31,1
maria_cecilia32,pedro_henrique21,1
maria_cecilia32,emanuel11,1
maria_cecilia32,agatha15,1
maria_cecilia32,alicia38,1
maria_cecilia32,enzo23,1
maria_cecilia32,lara13,1
maria_cecilia32,maria_eduarda46,1
maria_cecilia32,caio1,1
maria_cecilia32,ana_clara30,1
maria_alice19,maria_cecilia32,2
maria_alice19,eduardo41,1
maria_alice19,maria_julia40,1
maria_alice19,sophia31,1
maria_alice19,manuela19,1
maria_alice19,pietro33,1
maria_alice19,vicente5,1
maria_alice19,clara1,1
maria_alice19,miguel1,1
maria_alice19,felipe49,1
maria_alice19,catarina14,1
maria_alice19,bento45,1
maria_alice19,maria_eduarda46,1
maria_alice19,isadora45,1
maria_alice19,enzo_gabriel23,1
sarah47,valentina26,2
sarah47,arthur46,1
sarah47,manuela19,1
sarah47,pedro43,1
sarah47,emanuelly38,1
sarah47,rafael38,1
sarah47,alice43,1
sarah47,isaac36,1
sarah47,lucca49,1
sarah47,maria_alice19,1
sarah47,vitor38,1
sarah47,lucas26,1
sarah47,lorenzo14,1
sarah47,rafaela18,1
sarah47,noah27,1
sarah47,guilherme20,1
sarah47,luiza48,1
sarah47,maria_clara50,1
sarah47,gael9,2
sarah47,liz46,1
sarah47,lorena21,1
sarah47,bento45,1
sarah47,alicia38,1
sarah47,alicia38,1
sarah47,ana_clara30,1
sarah47,theo26,1
elisa20,pietro33,2
elisa20,samuel45,1
elisa20,emanuelly38,1
elisa20,calebe49,1
elisa20,ana_julia22,1
elisa20,gustavo16,1
elisa20,joaquim33,1
elisa20,leonardo7,1
elisa20,liz46,1
elisa20,bryan4,1
elisa20,guilherme20,1
elisa20,enzo_gabriel23,1
elisa20,lucca49,1
elisa20,davi_lucca13,1
elisa20,maria_cecilia32,1
elisa20,eloa17,2
elisa20,maria_luiza31,2
elisa20,maria_luiza31,2
elisa20,antonella28,1
elisa20,miguel1,1
elisa20,anthony24,1
elisa20,ana_laura18,1
elisa20,benjamin39,1
elisa20,joao_lucas7,1
liz46,maria_eduarda46,1
liz46,joaquim33,1
liz46,samuel45,1
liz46,rafaela18,1
liz46,gael9,1
liz46,isabelly20,1
liz46,joao43,1
liz46,rebeca44,1
liz46,melissa42,1
liz46,joao_lucas7,1
liz46,alicia38,1
liz46,maria_cecilia32,1
liz46,julia16,1
liz46,eloa17,1
liz46,joao_pedro46,1
liz46,isabella28,1
liz46,elisa20,1
liz46,daniel12,2
liz46,lucas26,1
liz46,calebe49,1
liz46,lorena21,1
liz46,enzo23,1
liz46,caua11,1
liz46,eduardo41,1
liz46,benicio10,1
liz46,antonella28,1
liz46,esther32,1
liz46,theo26,1
yasmin46,melissa42,1
yasmin46,ana_luiza14,1
yasmin46,valentina26,2
yasmin46,alicia38,1
yasmin46,pietro33,1
yasmin46,maria_luiza31,1
yasmin46,henrique12,1
yasmin46,laura29,1
yasmin46,joao_pedro46,1
yasmin46,pedro_henrique21,1
yasmin46,calebe49,1
yasmin46,lorenzo14,2
isabelly20,joao_pedro46,1
isabelly20,mariana5,1
isabelly20,davi48,1
isabelly20,bernardo25,2
isabelly20,antonio28,1
isabelly20,isaac36,1
isabelly20,enrico36,1
isabelly20,maria_luiza31,1
isabelly20,lucas26,1
isabelly20,gabriela31,1
alicia38,maria_helena6,1
alicia38,samuel45,1
alicia38,noah27,1
alicia38,vitor38,1
alicia38,bento45,1
alicia38,rafaela18,1
alicia38,isis3,1
alicia38,lorena21,1
alicia38,ana_julia22,1
alicia38,emanuel11,1
alicia38,maria_julia40,1
alicia38,sarah47,1
alicia38,benicio10,1
alicia38,lucas26,1
clara1,joaquim33,1
clara1,heitor5,1
clara1,pietro33,1
clara1,leonardo7,2
clara1,isadora45,1
clara1,liz46,1
isis3,antonio28,1
isis3,heitor5,1
isis3,ana_laura18,1
isis3,caio1,1
isis3,samuel45,2
isis3,heloisa37,1
isis3,clara1,1
isis3,noah27,1
isis3,gustavo16,1
isis3,gael9,1
isis3,mariana5,2
isis3,maria_luiza31,1
isis3,sophia31,1
isis3,lorenzo14,1
isis3,pedro_henrique21,1
isis3,lavinia36,1
isis3,vitor38,1
isis3,giovanna11,1
isis3,guilherme20,1
isis3,matheus6,1
isis3,joao_lucas7,1
isis3,alicia38,1
isis3,valentina26,1
isis3,leonardo7,2
isis3,bento45,1
isis3,vinicius15,1
isis3,bernardo25,1
isis3,felipe49,2
rebeca44,ana_julia22,1
rebeca44,isabelly20,1
rebeca44,heitor5,1
rebeca44,maria_julia40,1
rebeca44,henrique12,1
rebeca44,gustavo16,1
rebeca44,liz46,1
rafaela18,joao_miguel1,1
rafaela18,isaac36,1
rafaela18,heloisa37,1
rafaela18,maria_cecilia32,1
rafaela18,vinicius15,1
rafaela18,ana_laura18,1
rafaela18,heitor5,1
rafaela18,marina41,1
rafaela18,caio1,1
rafaela18,davi_lucca13,1
rafaela18,isis3,1
rafaela18,bryan4,2
rafaela18,gael9,1
rafaela18,murilo40,1
rafaela18,helena42,1
rafaela18,sophia31,1
rafaela18,lavinia36,1
rafaela18,leonardo7,2
rafaela18,esther32,1
rafaela18,elisa20,1
rafaela18,rafael38,1
rafaela18,maria_alice19,1
rafaela18,giovanna11,1
rafaela18,lorenzo14,1
rafaela18,lucca49,1
rafaela18,manuela19,1
rafaela18,theo26,1
rafaela18,isabelly20,1
marina41,gabriela31,1
marina41,davi48,1
marina41,lorenzo14,1
marina41,calebe49,1
marina41,alice43,1
marina41,manuela19,1
marina41,joao_pedro46,1
marina41,joao_lucas7,1
marina41,leonardo7,1
marina41,clara1,1
marina41,daniel12,1
marina41,miguel1,1
marina41,caua11,1
marina41,liz46,1
marina41,maria_julia40,1
marina41,vitor38,1
ana_laura18,caio1,1
ana_laura18,rebeca44,1
ana_laura18,emanuelly38,1
ana_laura18,murilo40,1
ana_laura18,maria_luiza31,1
ana_laura18,maite27,1
ana_laura18,daniel12,1
maria_helena6,joao_pedro46,1
maria_helena6,lorena21,1
maria_helena6,marina41,1
maria_helena6,vinicius15,1
maria_helena6,yasmin46,1
maria_helena6,anthony24,1
maria_helena6,maria_eduarda46,1
maria_helena6,nicolas4,1
maria_helena6,davi_lucca13,1
maria_helena6,ana_laura18,1
maria_helena6,ana_clara30,1
maria_helena6,agatha15,1
maria_helena6,agatha15,1
maria_helena6,matheus6,1
maria_helena6,vitor38,2
maria_helena6,enzo23,2
maria_helena6,calebe49,1
maria_helena6,maria_clara50,1
maria_helena6,eloa17,1
maria_helena6,bento45,1
maria_helena6,ana_luiza14,1
maria_helena6,daniel12,1
maria_helena6,lavinia36,1
maria_helena6,joao_lucas7,1
maria_helena6,beatriz7,1
maria_helena6,sophia31,2
maria_helena6,emanuelly38,1
maria_helena6,heitor5,1
agatha15,alicia38,1
agatha15,enrico36,1
agatha15,joao_pedro46,1
agatha15,ana_julia22,1
agatha15,livia3,2
agatha15,valentina26,1
agatha15,lara13,1
agatha15,gabriela31,1
agatha15,maria_helena6,1
agatha15,luiza48,2
agatha15,sarah47,1
agatha15,noah27,1
agatha15,henrique12,1
agatha15,giovanna11,1
agatha15,enzo_gabriel23,1
agatha15,pedro43,1
agatha15,benjamin39,1
agatha15,joao43,1
gabriela31,sarah47,1
gabriela31,bryan4,1
gabriela31,livia3,2
gabriela31,heitor5,1
gabriela31,nicolas4,1
gabriela31,antonella28,1
gabriela31,alicia38,1
gabriela31,noah27,1
gabriela31,lorenzo14,2
catarina14,caio1,1
catarina14,vinicius15,1
catarina14,cecilia47,1
catarina14,gustavo16,2
catarina14,alicia38,1
miguel1,pedro_henrique21,1
miguel1,theo26,1
miguel1,eduardo41,1
miguel1,nicolas4,1
miguel1,matheus6,1
miguel1,pietro33,1
miguel1,isabella28,1
arthur46,lucas26,1
arthur46,valentina26,1
arthur46,yasmin46,1
arthur46,clara1,1
arthur46,maria_clara50,1
arthur46,heloisa37,1
arthur46,pietro33,1
arthur46,maria_helena6,1
arthur46,enzo23,1
arthur46,lara13,1
arthur46,luiza48,1
arthur46,murilo40,1
arthur46,joao_lucas7,1
arthur46,pedro43,1
arthur46,eduardo41,2
arthur46,beatriz7,1
arthur46,ana_laura18,1
arthur46,nicolas4,1
arthur46,helena42,1
heitor5,maria_clara50,1
heitor5,henrique12,1
heitor5,miguel1,1
heitor5,anthony24,1
heitor5,laura29,1
heitor5,isaac36,1
heitor5,enrico36,1
heitor5,bryan4,1
heitor5,ana_julia22,1
heitor5,benjamin39,1
heitor5,eloa17,1
heitor5,clara1,1
heitor5,joao_lucas7,1
heitor5,isadora45,1
heitor5,giovanna11,1
heitor5,ana_laura18,1
heitor5,valentina26,1
heitor5,lorenzo14,1
heitor5,lara13,1
heitor5,lucas26,1
heitor5,maria_helena6,1
heitor5,joao_pedro46,1
heitor5,rafael38,1
heitor5,rafaela18,1
heitor5,marina41,1
heitor5,alice43,1
heitor5,maria_alice19,1
bernardo25,heloisa37,1
bernardo25,calebe49,1
bernardo25,lucas26,1
bernardo25,luiza48,1
bernardo25,isabelly20,1
bernardo25,caua11,1
davi48,maria_eduarda46,1
davi48,felipe49,1
davi48,maria_clara50,1
davi48,joao_miguel1,1
davi48,daniel12,1
davi48,joao_pedro46,1
davi48,rafaela18,1
davi48,bernardo25,2
davi48,luiza48,1
davi48,liz46,2
davi48,maria_cecilia32,1
davi48,yasmin46,1
davi48,joao43,1
davi48,benicio10,1
davi48,gabriela31,1
davi48,maite27,1
davi48,emanuel11,1
davi48,joao_lucas7,1
davi48,anthony24,1
davi48,laura29,1
davi48,ana_luiza14,1
davi48,lorena21,2
davi48,gabriel37,1
davi48,vinicius15,1
theo26,calebe49,1
theo26,henrique12,1
theo26,isaac36,1
theo26,nicolas4,1
theo26,agatha15,1
theo26,eloa17,2
theo26,isabella28,1
theo26,emanuel11,1
theo26,anthony24,1
theo26,anthony24,1
theo26,benicio10,1
theo26,luiza48,1
theo26,felipe49,1
lorenzo14,leonardo7,1
lorenzo14,isis3,1
lorenzo14,matheus6,1
lorenzo14,maria_cecilia32,1
lorenzo14,sophia31,1
lorenzo14,gabriela31,1
lorenzo14,guilherme20,2
lorenzo14,isaac36,1
lorenzo14,benjamin39,1
lorenzo14,bryan4,1
lorenzo14,sarah47,1
lorenzo14,eloa17,1
lorenzo14,alice43,1
lorenzo14,antonella28,1
lorenzo14,maite27,1
lorenzo14,davi48,1
lorenzo14,ana_julia22,1
lorenzo14,anthony24,1
lorenzo14,enzo23,1
lorenzo14,pietro33,1
gabriel37,sarah47,2
gabriel37,guilherme20,1
gabriel37,vicente5,2
gabriel37,maite27,1
gabriel37,ana_clara30,1
gabriel37,melissa42,1
gabriel37,liz46,1
gabriel37,vitor38,1
gabriel37,matheus6,1
gabriel37,vinicius15,1
gabriel37,maria_luiza31,1
gabriel37,esther32,1
gabriel37,joaquim33,1
gabriel37,ana_laura18,1
gabriel37,marina41,1
gabriel37,ana_luiza14,2
gabriel37,joao_lucas7,1
gabriel37,enzo23,1
gabriel37,eduardo41,1
gabriel37,antonio28,1
gabriel37,giovanna11,1
gabriel37,joao43,1
gabriel37,davi_lucca13,1
gabriel37,isabelly20,1
pedro43,pedro_henrique21,1
pedro43,sophia31,1
pedro43,alice43,1
pedro43,emanuel11,1
pedro43,nicolas4,1
pedro43,enrico36,1
pedro43,joao_miguel1,1
benjamin39,lavinia36,1
benjamin39,maria_alice19,2
benjamin39,gael9,1
benjamin39,bryan4,1
benjamin39,antonio28,1
benjamin39,yasmin46,1
benjamin39,vicente5,1
benjamin39,marina41,1
benjamin39,maria_helena6,1
benjamin39,cecilia47,2
benjamin39,beatriz7,1
benjamin39,benicio10,1
benjamin39,antonella28,1
benjamin39,heloisa37,1
benjamin39,lorena21,2
benjamin39,murilo40,1
benjamin39,mariana5,2
benjamin39,luiza48,1
benjamin39,maria_julia40,1
benjamin39,vinicius15,1
benjamin39,agatha15,1
benjamin39,laura29,1
benjamin39,anthony24,1
benjamin39,alicia38,1
benjamin39,gustavo16,1
benjamin39,theo26,1
benjamin39,sarah47,1
benjamin39,henrique12,1
benjamin39,isis3,1
benjamin39,emanuel11,1
matheus6,catarina14,1
matheus6,theo26,1
matheus6,giovanna11,1
lucas26,theo26,1
lucas26,bryan4,1
lucas26,vicente5,1
lucas26,maria_alice19,1
lucas26,anthony24,1
lucas26,ana_julia22,1
lucas26,alicia38,1
lucas26,cecilia47,2
lucas26,pietro33,1
nicolas4,vinicius15,1
nicolas4,maria_luiza31,1
nicolas4,lorenzo14,1
nicolas4,pedro43,1
nicolas4,leonardo7,1
nicolas4,eduardo41,1
nicolas4,eduardo41,1
nicolas4,lorena21,1
nicolas4,helena42,1
nicolas4,luiza48,1
nicolas4,isabelly20,1
nicolas4,maria_cecilia32,1
nicolas4,rebeca44,1
nicolas4,maria_clara50,2
nicolas4,isis3,1
nicolas4,ana_luiza14,1
nicolas4,esther32,1
nicolas4,bryan4,2
nicolas4,noah27,1
nicolas4,isabella28,1
nicolas4,theo26,1
nicolas4,alice43,1
nicolas4,isaac36,1
nicolas4,sarah47,1
joaquim33,davi48,2
joaquim33,maite27,2
joaquim33,maria_luiza31,1
samuel45,arthur46,1
samuel45,valentina26,1
samuel45,maria_clara50,1
samuel45,rafael38,1
samuel45,alice43,1
samuel45,pietro33,1
samuel45,theo26,1
samuel45,emanuelly38,1
samuel45,bento45,2
samuel45,isabella28,1
samuel45,joaquim33,1
samuel45,nicolas4,1
samuel45,ana_laura18,1
samuel45,giovanna11,2
samuel45,henrique12,1
samuel45,henrique12,1
samuel45,emanuel11,1
samuel45,guilherme20,1
samuel45,lavinia36,1
samuel45,maria_helena6,1
samuel45,maite27,1
samuel45,catarina14,1
samuel45,isis3,1
samuel45,lucas26,1
samuel45,benicio10,1
samuel45,sophia31,1
samuel45,laura29,1
samuel45,mariana5,1
henrique12,miguel1,1
henrique12,melissa42,1
henrique12,murilo40,1
henrique12,heloisa37,1
henrique12,davi48,1
henrique12,alice43,1
henrique12,maria_julia40,1
henrique12,livia3,1
henrique12,maria_luiza31,1
henrique12,joao43,1
henrique12,isabelly20,2
henrique12,daniel12,1
henrique12,samuel45,1
henrique12,cecilia47,1
henrique12,matheus6,2
henrique12,lorenzo14,1
rafael38,matheus6,1
rafael38,bryan4,1
rafael38,lucas26,1
rafael38,guilherme20,1
rafael38,eduardo41,1
rafael38,isaac36,1
rafael38,isis3,1
rafael38,maria_alice19,1
rafael38,emanuel11,1
rafael38,alice43,1
rafael38,miguel1,1
rafael38,joao_miguel1,1
rafael38,isabella28,2
rafael38,theo26,2
rafael38,samuel45,1
rafael38,gael9,1
rafael38,lucca49,1
guilherme20,henrique12,2
guilherme20,gael9,2
guilherme20,maria_alice19,1
guilherme20,catarina14,1
guilherme20,sophia31,1
guilherme20,matheus6,1
guilherme20,ana_luiza14,1
guilherme20,pedro_henrique21,1
guilherme20,cecilia47,1
guilherme20,enzo_gabriel23,1
guilherme20,laura29,1
guilherme20,clara1,1
guilherme20,lavinia36,1
enzo23,alicia38,1
enzo23,livia3,1
enzo23,maria_alice19,1
enzo23,catarina14,1
enzo23,anthony24,1
enzo23,rafaela18,2
enzo23,sophia31,1
enzo23,pedro43,1
enzo23,benjamin39,1
enzo23,rebeca44,1
enzo23,joao_pedro46,1
enzo23,heitor5,1
murilo40,pedro43,1
murilo40,vitor38,1
murilo40,isis3,1
murilo40,maria_cecilia32,1
murilo40,enzo_gabriel23,1
murilo40,maria_alice19,1
murilo40,davi48,1
murilo40,bento45,1
murilo40,arthur46,1
murilo40,eloa17,1
murilo40,benjamin39,1
murilo40,melissa42,1
murilo40,marina41,1
benicio10,melissa42,1
benicio10,isabelly20,1
benicio10,guilherme20,1
benicio10,miguel1,1
benicio10,gael9,1
benicio10,yasmin46,2
benicio10,ana_luiza14,1
benicio10,lorenzo14,1
benicio10,alice43,1
benicio10,davi_lucca13,1
benicio10,lara13,1
benicio10,emanuel11,1
benicio10,esther32,1
benicio10,pedro_henrique21,1
benicio10,ana_clara30,2
benicio10,maria_alice19,1
benicio10,giovanna11,1
benicio10,heloisa37,1
benicio10,eloa17,1
benicio10,rafaela18,1
benicio10,murilo40,1
gustavo16,eloa17,1
gustavo16,davi48,1
isaac36,valentina26,1
isaac36,joao_miguel1,2
isaac36,isis3,1
isaac36,antonella28,1
isaac36,caua11,1
isaac36,samuel45,1
isaac36,lorena21,1
isaac36,joao_lucas7,1
isaac36,clara1,1
isaac36,joao_pedro46,1
isaac36,felipe49,1
isaac36,joaquim33,1
isaac36,maite27,1
isaac36,gabriela31,1
isaac36,alice43,1
isaac36,helena42,2
isaac36,nicolas4,1
isaac36,gustavo16,1
isaac36,isadora45,1
isaac36,leonardo7,1
isaac36,noah27,1
isaac36,daniel12,1
isaac36,mariana5,1
isaac36,maria_alice19,1
isaac36,pedro43,1
isaac36,esther32,1
isaac36,matheus6,1
joao_miguel1,clara1,2
joao_miguel1,gabriel37,1
joao_miguel1,maria_alice19,1
joao_miguel1,maria_luiza31,1
joao_miguel1,daniel12,1
joao_miguel1,sarah47,1
joao_miguel1,ana_julia22,1
joao_miguel1,alice43,1
joao_miguel1,rafael38,1
joao_miguel1,emanuel11,1
joao_miguel1,miguel1,1
joao_miguel1,bento45,1
joao_miguel1,henrique12,1
joao_miguel1,manuela19,1
joao_miguel1,benicio10,1
joao_miguel1,cecilia47,1
joao_miguel1,mariana5,1
joao_miguel1,joao_lucas7,2
lucca49,antonio28,1
lucca49,gael9,1
lucca49,rebeca44,1
lucca49,bryan4,1
lucca49,helena42,1
lucca49,maria_eduarda46,1
enzo_gabriel23,alice43,1
enzo_gabriel23,matheus6,1
enzo_gabriel23,maria_luiza31,1
enzo_gabriel23,benjamin39,1
enzo_gabriel23,livia3,1
enzo_gabriel23,livia3,1
enzo_gabriel23,isaac36,1
enzo_gabriel23,samuel45,1
enzo_gabriel23,beatriz7,1
enzo_gabriel23,elisa20,1
enzo_gabriel23,vinicius15,1
enzo_gabriel23,lorenzo14,1
enzo_gabriel23,davi48,1
enzo_gabriel23,helena42,1
pedro_henrique21,maria_cecilia32,1
pedro_henrique21,ana_laura18,1
pedro_henrique21,caio1,1
pedro_henrique21,miguel1,1
pedro_henrique21,liz46,1
pedro_henrique21,cecilia47,1
pedro_henrique21,isaac36,1
pedro_henrique21,benjamin39,1
pedro_henrique21,gabriel37,1
pedro_henrique21,maria_clara50,1
pedro_henrique21,bernardo25,1
pedro_henrique21,livia3,1
pedro_henrique21,lara13,1
pedro_henrique21,sophia31,1
felipe49,isaac36,1
felipe49,anthony24,1
felipe49,henrique12,1
felipe49,isabella28,1
felipe49,cecilia47,1
felipe49,luiza48,1
felipe49,bento45,1
felipe49,isis3,1
felipe49,valentina26,1
felipe49,alicia38,1
felipe49,matheus6,1
felipe49,alice43,1
felipe49,ana_luiza14,1
felipe49,maria_cecilia32,1
joao_pedro46,livia3,1
joao_pedro46,giovanna11,1
joao_pedro46,beatriz7,1
joao_pedro46,maria_alice19,1
joao_pedro46,noah27,1
joao_pedro46,joao_miguel1,1
joao_pedro46,pietro33,1
joao_pedro46,maite27,1
joao_pedro46,yasmin46,1
joao_pedro46,rebeca44,1
joao_pedro46,pedro_henrique21,1
joao_pedro46,eloa17,1
joao_pedro46,gabriel37,1
pietro33,joao_miguel1,1
pietro33,vitor38,1
pietro33,bernardo25,1
pietro33,joao43,2
pietro33,emanuel11,1
pietro33,liz46,1
pietro33,maria_clara50,1
pietro33,giovanna11,1
pietro33,enzo23,1
pietro33,clara1,1
pietro33,davi48,1
pietro33,rebeca44,1
pietro33,calebe49,2
pietro33,beatriz7,1
pietro33,valentina26,1
pietro33,pedro_henrique21,1
pietro33,ana_julia22,2
pietro33,isis3,1
pietro33,mariana5,1
pietro33,caio1,1
anthony24,beatriz7,1
anthony24,lara13,1
anthony24,marina41,1
anthony24,catarina14,1
anthony24,enzo_gabriel23,1
anthony24,enzo_gabriel23,1
anthony24,lavinia36,1
anthony24,joao_pedro46,1
anthony24,gabriel37,1
anthony24,elisa20,1
anthony24,matheus6,1
anthony24,benjamin39,1
anthony24,eloa17,1
anthony24,daniel12,1
anthony24,isis3,2
anthony24,bento45,1
anthony24,joao_lucas7,1
daniel12,joao_miguel1,1
daniel12,gabriel37,1
bryan4,sophia31,1
bryan4,pedro_henrique21,1
bryan4,lorena21,1
bryan4,lorenzo14,1
bryan4,ana_luiza14,1
bryan4,guilherme20,1
bryan4,manuela19,1
bryan4,miguel1,1
bryan4,theo26,1
bryan4,ana_laura18,1
davi_lucca13,luiza48,1
davi_lucca13,ana_luiza14,1
davi_lucca13,gael9,1
davi_lucca13,isabelly20,1
davi_lucca13,helena42,1
davi_lucca13,elisa20,1
davi_lucca13,yasmin46,1
davi_lucca13,lavinia36,1
davi_lucca13,julia16,1
davi_lucca13,pedro_henrique21,1
davi_lucca13,catarina14,1
davi_lucca13,eloa17,1
davi_lucca13,enzo23,1
davi_lucca13,lara13,1
davi_lucca13,lorenzo14,1
davi_lucca13,sophia31,1
davi_lucca13,murilo40,1
davi_lucca13,lorena21,1
davi_lucca13,calebe49,1
davi_lucca13,antonella28,2
davi_lucca13,marina41,1
davi_lucca13,gabriel37,1
davi_lucca13,melissa42,1
davi_lucca13,liz46,1
davi_lucca13,esther32,1
davi_lucca13,bryan4,1
davi_lucca13,nicolas4,1
davi_lucca13,noah27,1
leonardo7,livia3,1
leonardo7,emanuelly38,1
leonardo7,heitor5,1
leonardo7,liz46,1
leonardo7,valentina26,1
leonardo7,rebeca44,1
leonardo7,pietro33,1
leonardo7,pedro_henrique21,1
leonardo7,daniel12,1
leonardo7,julia16,1
leonardo7,felipe49,1
leonardo7,eduardo41,1
leonardo7,gael9,1
leonardo7,alice43,1
leonardo7,isis3,1
leonardo7,isabella28,1
leonardo7,maria_helena6,1
leonardo7,joao43,1
leonardo7,beatriz7,1
leonardo7,vicente5,1
leonardo7,arthur46,1
leonardo7,joao_miguel1,1
leonardo7,theo26,1
leonardo7,calebe49,1
vicente5,clara1,1
vicente5,valentina26,1
vicente5,ana_laura18,1
vicente5,benjamin39,1
vicente5,murilo40,2
vicente5,gustavo16,2
vicente5,pietro33,1
vicente5,manuela19,2
vicente5,joao_miguel1,1
vicente5,nicolas4,1
vicente5,lavinia36,1
vicente5,lavinia36,1
vicente5,rebeca44,1
vicente5,bento45,1
vicente5,marina41,1
eduardo41,arthur46,1
eduardo41,gabriel37,2
eduardo41,maria_eduarda46,1
eduardo41,lavinia36,1
eduardo41,calebe49,1
eduardo41,lorenzo14,1
eduardo41,maria_alice19,1
eduardo41,caua11,1
eduardo41,lucas26,1
eduardo41,livia3,1
gael9,liz46,1
gael9,bryan4,1
gael9,ana_julia22,1
gael9,guilherme20,2
gael9,gabriela31,2
gael9,lucas26,1
gael9,samuel45,1
gael9,miguel1,1
gael9,vitor38,2
gael9,catarina14,2
gael9,gabriel37,1
gael9,clara1,1
gael9,pedro_henrique21,1
gael9,leonardo7,1
gael9,enzo23,1
gael9,beatriz7,1
gael9,isis3,2
gael9,benicio10,1
gael9,maria_helena6,2
gael9,caio1,1
gael9,matheus6,1
antonio28,isabelly20,1
antonio28,maria_eduarda46,1
antonio28,manuela19,1
antonio28,maria_alice19,2
antonio28,rafaela18,1
antonio28,gustavo16,1
antonio28,arthur46,1
antonio28,benicio10,1
antonio28,liz46,1
antonio28,maria_julia40,1
antonio28,antonella28,1
antonio28,bernardo25,1
antonio28,melissa42,1
antonio28,elisa20,1
antonio28,clara1,1
antonio28,calebe49,1
antonio28,eduardo41,1
antonio28,lorena21,1
antonio28,isaac36,1
antonio28,leonardo7,1
antonio28,pietro33,1
antonio28,maria_clara50,1
vitor38,lara13,1
vitor38,lavinia36,2
vitor38,heloisa37,1
vitor38,matheus6,1
vitor38,joaquim33,1
vitor38,laura29,2
vitor38,lorena21,1
vitor38,maria_julia40,1
vitor38,rafael38,1
vitor38,maria_alice19,1
vitor38,luiza48,1
vitor38,beatriz7,1
vitor38,maria_eduarda46,1
noah27,lara13,1
noah27,joao43,1
noah27,eduardo41,1
noah27,beatriz7,1
noah27,davi48,1
noah27,maria_helena6,1
noah27,gustavo16,1
noah27,anthony24,1
noah27,eloa17,1
noah27,gael9,1
noah27,clara1,1
noah27,pedro43,1
noah27,enzo23,1
noah27,antonio28,1
noah27,isaac36,2
noah27,heloisa37,1
noah27,agatha15,2
noah27,maria_luiza31,1
noah27,luiza48,1
caio1,esther32,1
caio1,manuela19,1
caio1,rafaela18,2
caio1,arthur46,1
caio1,joao_pedro46,1
caio1,bento45,1
caio1,emanuelly38,1
caio1,joaquim33,1
caio1,joaquim33,1
caio1,theo26,1
caio1,maria_alice19,1
caio1,eduardo41,1
caio1,maite27,1
caio1,pedro43,2
caio1,enrico36,1
caio1,davi48,1
caio1,anthony24,1
caio1,murilo40,1
caio1,benicio10,1
joao43,enzo23,1
joao43,calebe49,1
joao43,noah27,1
joao43,emanuel11,1
joao43,luiza48,1
joao43,lorena21,1
joao43,ana_clara30,1
joao43,vinicius15,1
joao43,guilherme20,1
joao43,maria_luiza31,1
joao43,vicente5,1
joao43,lorenzo14,1
joao43,enrico36,1
joao43,vitor38,1
joao43,caua11,1
joao43,gabriel37,1
joao43,maria_alice19,1
joao43,elisa20,1
joao43,laura29,1
joao43,cecilia47,1
joao43,maite27,1
joao43,yasmin46,1
emanuel11,enzo_gabriel23,1
emanuel11,vicente5,1
caua11,anthony24,1
caua11,yasmin46,1
caua11,luiza48,1
caua11,bryan4,1
caua11,maria_helena6,1
caua11,joao43,1
caua11,maria_eduarda46,1
caua11,cecilia47,1
caua11,gabriel37,1
caua11,isis3,1
caua11,theo26,1
caua11,henrique12,1
caua11,clara1,1
caua11,rebeca44,1
caua11,maite27,1
caua11,murilo40,1
caua11,pedro_henrique21,1
caua11,livia3,1
caua11,leonardo7,1
caua11,maria_alice19,1
caua11,lucas26,1
caua11,guilherme20,1
caua11,gael9,1
caua11,emanuel11,1
caua11,sarah47,1
caua11,eloa17,1
caua11,catarina14,1
caua11,vinicius15,1
joao_lucas7,eduardo41,1
joao_lucas7,felipe49,1
joao_lucas7,arthur46,1
joao_lucas7,isis3,1
joao_lucas7,esther32,1
calebe49,miguel1,1
calebe49,davi_lucca13,2
calebe49,davi_lucca13,2
calebe49,isis3,1
calebe49,heitor5,1
calebe49,bento45,1
calebe49,sarah47,2
calebe49,maria_eduarda46,1
calebe49,noah27,1
calebe49,maite27,1
calebe49,lucca49,1
calebe49,rafael38,1
calebe49,manuela19,1
calebe49,ana_laura18,1
calebe49,joao43,1
calebe49,isabella28,1
calebe49,vicente5,1
calebe49,vinicius15,1
calebe49,rafaela18,1
calebe49,elisa20,1
calebe49,antonio28,1
calebe49,ana_clara30,1
enrico36,manuela19,1
enrico36,cecilia47,1
enrico36,caua11,1
enrico36,matheus6,2
enrico36,isadora45,1
enrico36,pietro33,1
vinicius15,emanuelly38,1
vinicius15,beatriz7,1
vinicius15,maite27,1
vinicius15,livia3,1
vinicius15,catarina14,1
vinicius15,ana_clara30,1
bento45,isabella28,1
bento45,yasmin46,1
bento45,gabriel37,1
bento45,marina41,1
bento45,mariana5,1
bento45,heitor5,1
bento45,manuela19,1
bento45,antonio28,1
bento45,bryan4,1
bento45,joao_pedro46,1
bento45,miguel1,1
bento45,enzo_gabriel23,1
bento45,giovanna11,1
bento45,vitor38,1
bento45,joao_miguel1,1
bento45,davi48,1
bento45,murilo40,1
bento45,helena42,1
bento45,lavinia36,1
